{"cameraMode":{"drawMode":0,"name":"Shaded","section":"Shading Mode"},"sceneLighting":false,"audioPlay":false,"sceneViewState":{"showFog":true,"showMaterialUpdate":false,"showSkybox":false,"showFlares":true,"showImageEffects":true,"showParticleSystems":true},"in2DMode":false,"pivot":{"x":-10.188075065612793,"y":1.2549068927764893,"z":-0.36192646622657778},"rotation":{"x":-0.06070978194475174,"y":0.91218501329422,"z":-0.14656111598014832,"w":-0.37783923745155337},"size":6.77694034576416,"orthographic":false}